0002.jpg,0
0004.jpg,1
0006.jpg,4
63.jpg,4
0071.jpg,0
129000006.jpg,4
4060000.jpg,0
0717.jpg,0
1409.jpg,4
4160000.jpg,4
77.jpg,0
94000002.jpg,2
1353.jpg,4
2530000.jpg,0
1435.jpg,4
141000001.jpg,0
2430000.jpg,0
188000001.jpg,0
1347.jpg,4
0059.jpg,0
349000004.jpg,2
380000004.jpg,4
8_1_0_20170109203617429.jpg.chip.jpg,0
548000005.jpg,4
576000000.jpg,1
0918.jpg,0
7600000.jpg,4
124000005.jpg,1
1390.jpg,4
606000000.jpg,0
162.jpg,0
0930.jpg,1
0924.jpg,4
7700000.jpg,2
8_1_0_20170109201724457.jpg.chip.jpg,0
312000005.jpg,4
88.jpg,0
1384.jpg,0
2100000 (2).jpg,0
105000004.jpg,0
4_0_0_20170110224705396.jpg.chip.jpg,0
0267.jpg,4
71000000.jpg,0
223000006.jpg,4
282000001.jpg,0
1145.jpg,2
14000004.jpg,3
246000002.jpg,0
356000000.jpg,2
real_00090.jpg,0
real_00084.jpg,0
160000000.jpg,4
483000000.jpg,4
348.jpg,0
593000002.jpg,0
210000000.jpg,4
360.jpg,0
24500000.jpg,4
300000002.jpg,0
3920000.jpg,4
9_0_0_20170110220712974.jpg.chip.jpg,3
24400000.jpg,0
136000002.jpg,0
0298.jpg,0
0461.jpg,0
408000002.jpg,3
30400000.jpg,0
2980000.jpg,0
0313.jpg,0
600000013.jpg,3
204000000.jpg,0
0475.jpg,0
30500000.jpg,3
174000000.jpg,0
342000000.jpg,4
228.jpg,0
543000001.jpg,0
296000001.jpg,3
5_0_1_20170110213654372.jpg.chip.jpg,4
214.jpg,4
327000004.jpg,2
405000001.jpg,0
65000000.jpg,0
319000001.jpg,0
8_1_0_20170109203644920.jpg.chip.jpg,0
424000000.jpg,4
44000001.jpg,3
228000002.jpg,0
338000000.jpg,3
130000005.jpg,0
943.jpg,0
0111.jpg,4
0139.jpg,0
472000002.jpg,1
158000002.jpg,4
562000000.jpg,1
0893.jpg,0
1233.jpg,0
39600000.jpg,1
3490000.jpg,0
0878.jpg,0
155000001.jpg,4
551000006.jpg,1
9_0_0_20170110220623658.jpg.chip.jpg,0
3590000.jpg,0
4640000.jpg,0
103000003.jpg,0
539000001.jpg,4
0688.jpg,2
225000001.jpg,0
4_1_0_20170109192357612.jpg.chip.jpg,3
4740000.jpg,4
11500000.jpg,0
4800000.jpg,0
0851.jpg,4
225000000.jpg,4
0689.jpg,0
37300000.jpg,0
12_1_0_20170109213526011.jpg.chip.jpg,0
510000.jpg,3
539000000.jpg,0
103000002.jpg,0
4900000.jpg,4
8_1_0_20170109202802966.jpg.chip.jpg,0
363000000.jpg,0
406000008.jpg,3
0892.jpg,4
9_0_0_20170110220449969.jpg.chip.jpg,0
1226.jpg,0
0138.jpg,3
158000003.jpg,4
472000003.jpg,0
3400000 (2).jpg,0
228000003.jpg,4
0676.jpg,4
8_1_0_20170109203407112.jpg.chip.jpg,0
b6a938a3863b53ab68c5f6518d2108d97183f424v2_hq.jpg,4
0110.jpg,0
130000004.jpg,4
424000001.jpg,4
319000000.jpg,4
201.jpg,0
209000002.jpg,0
405000000.jpg,4
6_1_0_20170109201852729.jpg.chip.jpg,4
10_1_0_20170109203357787.jpg.chip.jpg,4
543000000.jpg,4
229.jpg,0
6_1_0_20170109204828030.jpg.chip.jpg,0
342000001.jpg,0
18700000.jpg,0
4390000.jpg,0
6_1_0_20170109194207894.jpg.chip.jpg,0
183000004.jpg,0
4290000.jpg,0
174000001.jpg,4
18600000.jpg,0
1024.jpg,4
204000001.jpg,0
3300000 (2).jpg,4
3140000.jpg,0
600000012.jpg,0
4_0_0_20170110213526716.jpg.chip.jpg,0
8_1_0_20170109202926726.jpg.chip.jpg,0
0460.jpg,4
0306.jpg,2
122000003.jpg,4
408000003.jpg,0
0299.jpg,0
4_1_0_20170109204913999.jpg.chip.jpg,0
136000003.jpg,2
3760000.jpg,0
361.jpg,1
4_1_0_20170109193102653.jpg.chip.jpg,4
210000001.jpg,3
532000004.jpg,0
7_0_0_20170110215633251.jpg.chip.jpg,4
3660000.jpg,4
real_00085.jpg,0
593000003.jpg,3
53000008.jpg,1
483000001.jpg,0
160000001.jpg,0
246000003.jpg,0
1144.jpg,4
400000 (2).jpg,1
557000000.jpg,0
9_0_0_20170110220151722.jpg.chip.jpg,0
282000000.jpg,0
real_00046.jpg,0
1178.jpg,0
0266.jpg,0
0500.jpg,0
0514.jpg,4
0272.jpg,0
105000005.jpg,0
312000004.jpg,0
177.jpg,0
1385.jpg,0
99000000.jpg,0
1391.jpg,0
0931.jpg,0
606000001.jpg,0
0919.jpg,0
576000001.jpg,4
8_1_0_20170109201654441.jpg.chip.jpg,4
254000004.jpg,4
548000004.jpg,1
581000004.jpg,0
1420.jpg,4
300000 (2).jpg,4
188000000.jpg,4
141000000.jpg,4
349000005.jpg,0
0058.jpg,4
1346.jpg,0
377000000.jpg,3
1352.jpg,0
188.jpg,0
94000003.jpg,4
330000.jpg,4
23200000.jpg,0
129000007.jpg,0
1408.jpg,4
23300000.jpg,4
230000.jpg,4
231000000.jpg,1
2910000.jpg,4
117000000.jpg,0
74.jpg,0
1378.jpg,0
0066.jpg,0
94000001.jpg,3
0700.jpg,2
0714.jpg,4
2810000.jpg,0
321000000.jpg,0
60.jpg,0
129000005.jpg,0
9_0_0_20170110220406314.jpg.chip.jpg,0
48.jpg,0
1344.jpg,0
141000002.jpg,0
150000.jpg,3
1422.jpg,4
1436.jpg,0
1350.jpg,4
466000001.jpg,2
576000003.jpg,2
4_0_2_20161219194118187.jpg.chip.jpg,0
581000006.jpg,3
0099.jpg,4
1387.jpg,4
175.jpg,0
0927.jpg,0
202000004.jpg,2
11_0_4_20170103200621488.jpg.chip.jpg,0
0933.jpg,0
1393.jpg,4
124000006.jpg,0
223000005.jpg,3
29400000.jpg,0
0264.jpg,0
71000003.jpg,3
501000000.jpg,0
105000007.jpg,0
0516.jpg,0
7_1_1_20170109201647377.jpg.chip.jpg,0
29500000.jpg,1
27000001.jpg,1
4581436-6213937-image-m-38_1538042880499.jpg,0
9_0_0_20170110220510618.jpg.chip.jpg,0
593000001.jpg,1
11_1_0_20170109205438571.jpg.chip.jpg,0
real_00087.jpg,0
16800000.jpg,4
3500000.jpg,0
246000001.jpg,0
2380000.jpg,0
16900000.jpg,0
3400000.jpg,3
14000007.jpg,4
377.jpg,0
1185.jpg,4
136000001.jpg,0
1191.jpg,0
210000003.jpg,4
363.jpg,0
300000001.jpg,3
314000001.jpg,0
0476.jpg,4
0310.jpg,4
408000001.jpg,3
122000001.jpg,0
0304.jpg,0
68000000.jpg,0
0462.jpg,0
600000004.jpg,3
183000006.jpg,3
4_0_0_20170109191458548.jpg.chip.jpg,0
3320000.jpg,4
342000003.jpg,1
1032.jpg,0
0338.jpg,4
587000001.jpg,4
3220000.jpg,0
147000005.jpg,0
296000002.jpg,0
386000000.jpg,1
453000000.jpg,4
543000002.jpg,1
8_0_0_20170103210941483.jpg.chip.jpg,4
209000000.jpg,0
319000002.jpg,2
0489.jpg,0
6_1_0_20170109194210604.jpg.chip.jpg,0
405000002.jpg,0
515000000.jpg,4
217.jpg,0
13_0_0_20170110225447389.jpg.chip.jpg,0
zoey_ray_logan_3q7a9949d.jpg,4
130000006.jpg,0
1950000.jpg,1
0112.jpg,4
9_1_0_20170109204754719.jpg.chip.jpg,0
228000001.jpg,0
0660.jpg,0
1850000.jpg,1
4_0_0_20170110211454141.jpg.chip.jpg,0
44000002.jpg,0
1230.jpg,0
34700000.jpg,4
0890.jpg,4
0648.jpg,4
472000001.jpg,0
34600000.jpg,0
158000001.jpg,0
12000000.jpg,3
8_1_0_20170109204144358.jpg.chip.jpg,0
273000000.jpg,3
770000.jpg,0
155000002.jpg,0
7_0_0_20170110220439570.jpg.chip.jpg,0
670000.jpg,0
225000002.jpg,4
335000000.jpg,3
32 copy.jpg,4
7_1_0_20170109201632806.jpg.chip.jpg,0
33 copy.jpg,0
103000000.jpg,2
539000002.jpg,0
0846.jpg,0
2170000.jpg,4
539000003.jpg,4
49000000.jpg,4
80000000.jpg,0
103000001.jpg,3
2070000.jpg,0
335000001.jpg,0
225000003.jpg,0
155000003.jpg,4
4420000.jpg,4
23800000.jpg,0
4200000 (2).jpg,4
551000004.jpg,4
23900000.jpg,0
12000001.jpg,1
158000000.jpg,0
472000000.jpg,0
191000000.jpg,0
1231.jpg,0
44000003.jpg,0
1219.jpg,0
1610000.jpg,0
130000007.jpg,0
0675.jpg,4
228000000.jpg,3
515000001.jpg,3
405000003.jpg,0
216.jpg,0
319000003.jpg,2
33000000.jpg,0
543000003.jpg,1
15600000.jpg,0
4500000 (2).jpg,0
147000004.jpg,4
15700000.jpg,4
33100000.jpg,0
0339.jpg,0
1027.jpg,0
587000000.jpg,4
9_0_0_20170110225407300.jpg.chip.jpg,4
1033.jpg,0
342000002.jpg,0
252000000.jpg,0
45 copy.jpg,0
10_1_0_20170109203245653.jpg.chip.jpg,0
0305.jpg,4
122000000.jpg,4
408000000.jpg,3
0463.jpg,0
314000000.jpg,3
0477.jpg,3
0311.jpg,0
42000004.jpg,4
480000.jpg,4
300000000.jpg,3
362.jpg,0
210000002.jpg,4
580000.jpg,0
1184.jpg,0
246000000.jpg,0
11_1_4_20170103201747167.jpg.chip.jpg,0
392000001.jpg,0
1147.jpg,0
0271.jpg,0
105000006.jpg,0
0503.jpg,0
223000004.jpg,2
real_00045.jpg,0
501000001.jpg,0
71000002.jpg,4
0265.jpg,0
13_0_2_20170117152653604.jpg.chip.jpg,0
606000002.jpg,4
1130000.jpg,1
124000007.jpg,4
1386.jpg,4
50000003.jpg,0
590000008.jpg,0
0926.jpg,4
174.jpg,0
548000007.jpg,0
581000007.jpg,0
254000007.jpg,4
576000002.jpg,3
185000000.jpg,0
466000000.jpg,4
4200000.jpg,0
37900000.jpg,1
1437.jpg,0
1351.jpg,2
37800000.jpg,0
1345.jpg,0
4300000.jpg,0
49.jpg,0
1423.jpg,3
141000003.jpg,3
0715.jpg,0
2750000.jpg,0
129000004.jpg,0
0073.jpg,0
403000004.jpg,3
61.jpg,0
94000000.jpg,1
0067.jpg,0
117000001.jpg,3
2650000.jpg,4
0701.jpg,4
0739.jpg,0
8_1_0_20170109202405671.jpg.chip.jpg,0
1427.jpg,0
290000000.jpg,4
1341.jpg,2
259000000.jpg,1
349000002.jpg,4
380000002.jpg,1
1355.jpg,4
59.jpg,0
1433.jpg,4
545000000.jpg,0
0705.jpg,0
71.jpg,0
7_0_0_20170110225021990.jpg.chip.jpg,4
94000004.jpg,1
10_0_0_20170110220316298.jpg.chip.jpg,0
0063.jpg,0
1369.jpg,4
65.jpg,0
403000000.jpg,4
129000000.jpg,0
real_00531.jpg,0
13_0_0_20170104013342923.jpg.chip.jpg,0
0711.jpg,4
0922.jpg,0
170.jpg,4
202000001.jpg,4
312000003.jpg,4
6_1_0_20170114033411045.jpg.chip.jpg,4
50000007.jpg,4
1382.jpg,4
0088.jpg,0
1396.jpg,4
124000003.jpg,4
164.jpg,0
3410000.jpg,1
576000006.jpg,3
254000003.jpg,4
38100000.jpg,3
344000001.jpg,4
3510000.jpg,1
158.jpg,0
172000001.jpg,4
491000001.jpg,1
581000003.jpg,4
38000000.jpg,0
548000003.jpg,4
5_1_4_20170103212918548.jpg.chip.jpg,0
8_0_0_20170104011915424.jpg.chip.jpg,4
479000000.jpg,0
60000009.jpg,4
153000000.jpg,0
140000.jpg,0
0249.jpg,0
1157.jpg,0
0261.jpg,0
mission-gcs-tn.jpg,0
71000006.jpg,4
31300000.jpg,4
223000000.jpg,4
2800000.jpg,4
17500000.jpg,1
0507.jpg,1
0513.jpg,0
4_0_0_20170110224321631.jpg.chip.jpg,0
3500000 (2).jpg,0
2900000.jpg,0
17400000.jpg,0
105000002.jpg,4
31200000.jpg,4
136000004.jpg,0
1180.jpg,0
366.jpg,0
422000001.jpg,0
400.jpg,0
ee1b4222d.jpg,0
532000003.jpg,4
42000000.jpg,4
real_00082.jpg,0
28900000.jpg,0
593000004.jpg,4
474000003.jpg,3
14000002.jpg,3
28800000.jpg,0
8_1_0_20170109203314749.jpg.chip.jpg,0
0329.jpg,1
183000003.jpg,3
570000001.jpg,4
1023.jpg,0
7_1_0_20170109205254531.jpg.chip.jpg,3
6_1_0_20170109194218239.jpg.chip.jpg,0
200000 (2).jpg,1
0315.jpg,4
56000000.jpg,0
600000015.jpg,3
0473.jpg,0
1840000.jpg,4
600000001.jpg,2
408000004.jpg,4
1940000.jpg,0
111000002.jpg,0
25200000.jpg,0
206.jpg,0
237000000.jpg,0
25300000.jpg,4
327000002.jpg,3
7_1_0_20170109202312260.jpg.chip.jpg,0
660000.jpg,0
147000000.jpg,0
70000.jpg,4
371000000.jpg,4
485000001.jpg,4
55000008.jpg,4
3230000.jpg,1
0895.jpg,0
500000 (2).jpg,3
1221.jpg,0
0881.jpg,4
158000004.jpg,0
228000004.jpg,4
130000003.jpg,0
0117.jpg,0
216000001.jpg,4
4_0_3_20161219230501650.jpg.chip.jpg,4
6100000.jpg,0
0856.jpg,3
7_1_2_20161219141129768.jpg.chip.jpg,4
103000005.jpg,4
6000000.jpg,4
441000002.jpg,0
551000000.jpg,3
21000003.jpg,4
598000000.jpg,3
284000000.jpg,3
8_0_0_20170110215618155.jpg.chip.jpg,0
9_0_1_20170110215449668.jpg.chip.jpg,0
8400000.jpg,3
598000001.jpg,3
21000002.jpg,0
551000001.jpg,4
441000003.jpg,4
8500000.jpg,4
539000006.jpg,4
103000004.jpg,0
6_1_0_20170109193106065.jpg.chip.jpg,4
0843.jpg,0
77000000.jpg,0
9 copy.jpg,4
22500000.jpg,0
216000000.jpg,3
0670.jpg,0
228000005.jpg,0
8 copy.jpg,0
2000000 (2).jpg,4
0116.jpg,0
130000002.jpg,4
22400000.jpg,4
350000000.jpg,0
7_1_4_20161221193047189.jpg.chip.jpg,0
158000005.jpg,0
0658.jpg,0
0880.jpg,0
55000009.jpg,0
166000000.jpg,0
485000000.jpg,3
1234.jpg,1
543000006.jpg,0
820000.jpg,0
371000001.jpg,4
4430000.jpg,3
327000003.jpg,4
0499.jpg,0
213.jpg,0
237000001.jpg,3
2060000.jpg,0
405000006.jpg,2
111000003.jpg,0
2160000.jpg,0
600000000.jpg,0
0466.jpg,0
7_1_4_20161221193134222.jpg.chip.jpg,0
1600000.jpg,0
56000001.jpg,4
1700000.jpg,0
600000014.jpg,4
0328.jpg,0
6_1_0_20170104010034799.jpg.chip.jpg,0
570000000.jpg,4
183000002.jpg,4
7_1_0_20170109204456971.jpg.chip.jpg,0
564000000.jpg,0
474000002.jpg,0
png-clipart-school-uniform-clothing-elementary-scho6ol-school-child-girl.jpg,0
real_00083.jpg,0
593000005.jpg,0
42000001.jpg,3
532000002.jpg,4
108000000.jpg,2
11_1_0_20170109204614249.jpg.chip.jpg,2
422000000.jpg,0
7_0_0_20170110225211960.jpg.chip.jpg,0
1181.jpg,0
373.jpg,0
398.jpg,0
0274.jpg,0
105000003.jpg,4
2640000.jpg,4
71000007.jpg,4
0506.jpg,4
2740000.jpg,0
223000001.jpg,3
19000000.jpg,4
153000001.jpg,0
60000008.jpg,4
4310000.jpg,0
0248.jpg,4
365000001.jpg,1
275000003.jpg,1
19100000.jpg,0
4210000.jpg,2
548000002.jpg,3
581000002.jpg,4
491000000.jpg,4
172000000.jpg,4
159.jpg,0
41000009.jpg,4
576000007.jpg,2
344000000.jpg,1
254000002.jpg,3
124000002.jpg,0
36400000.jpg,0
1397.jpg,4
0089.jpg,0
590000.jpg,3
0937.jpg,0
36500000.jpg,3
490000.jpg,1
312000002.jpg,0
202000000.jpg,4
0923.jpg,4
1383.jpg,4
63000000.jpg,0
0076.jpg,0
8_1_0_20170109203450522.jpg.chip.jpg,0
129000001.jpg,0
403000001.jpg,4
1368.jpg,4
94000005.jpg,4
58.jpg,0
1354.jpg,0
1432.jpg,4
11 copy.jpg,0
1426.jpg,0
0738.jpg,4
10 copy.jpg,0
349000003.jpg,2
290000001.jpg,3
1340.jpg,0
1430.jpg,1
106000009.jpg,4
4_1_1_20170109194638149.jpg.chip.jpg,4
35000000.jpg,4
8.jpg,4
1356.jpg,4
1342.jpg,4
290000003.jpg,4
259000003.jpg,1
35100000.jpg,4
349000001.jpg,4
380000001.jpg,2
7_1_0_20170109201641541.jpg.chip.jpg,3
198.jpg,4
403000003.jpg,3
66.jpg,0
129000003.jpg,2
0074.jpg,0
513000001.jpg,0
72.jpg,0
94000007.jpg,4
0060.jpg,4
1418.jpg,2
167.jpg,1
3830000.jpg,3
124000000.jpg,0
1395.jpg,0
99.jpg,0
3930000.jpg,4
50000004.jpg,4
1381.jpg,4
0921.jpg,0
202000002.jpg,2
24 copy.jpg,4
312000000.jpg,0
0909.jpg,4
548000000.jpg,4
4400000 (2).jpg,0
254000000.jpg,4
344000002.jpg,0
1154.jpg,0
25800000.jpg,0
2420000.jpg,0
153000003.jpg,4
569000001.jpg,4
25900000.jpg,4
4_1_0_20170110213257550.jpg.chip.jpg,0
275000001.jpg,0
2520000.jpg,4
1140.jpg,0
13_0_0_20170104012531409.jpg.chip.jpg,0
105000001.jpg,0
86000000.jpg,0
1168.jpg,4
4170000.jpg,4
223000003.jpg,2
7_0_0_20170110215944035.jpg.chip.jpg,0
0504.jpg,0
0262.jpg,0
4070000.jpg,1
5_1_4_20170103210023178.jpg.chip.jpg,0
71000005.jpg,4
422000002.jpg,0
0289.jpg,0
532000000.jpg,4
42000003.jpg,3
365.jpg,0
6_1_0_20161220221631666.jpg.chip.jpg,4
371.jpg,0
1183.jpg,0
1600000 (2).jpg,0
4300000 (2).jpg,0
474000000.jpg,0
7_0_0_20170110224429257.jpg.chip.jpg,0
14000001.jpg,4
real_00081.jpg,0
311000008.jpg,4
32700001.jpg,4
368000000.jpg,0
9_0_0_20170110223423662.jpg.chip.jpg,0
183000000.jpg,0
570000002.jpg,1
1034.jpg,0
408000007.jpg,3
28300000.jpg,4
600000002.jpg,4
0470.jpg,0
1008.jpg,0
596000008.jpg,0
0316.jpg,0
526000000.jpg,4
28200000.jpg,4
405000004.jpg,0
211.jpg,0
327000001.jpg,1
319000004.jpg,2
205.jpg,0
111000001.jpg,0
4650000.jpg,0
92000000.jpg,1
261000001.jpg,0
3580000.jpg,4
371000003.jpg,4
4_0_0_20170110213547600.jpg.chip.jpg,0
5_1_0_20170109194215705.jpg.chip.jpg,0
31900000.jpg,0
543000004.jpg,4
147000003.jpg,0
3480000.jpg,0
